ID,Name,URL,Upvotes,Upvote Ratio,Number of Comments,Flairs
1,Joe Biden elected president of the United States,https://www.reddit.com/r/news/comments/jptqj9/joe_biden_elected_president_of_the_united_states/,365131,0.88,28751,False,
2,"Chauvin found guilty of murder, manslaughter in George Floyd's death",https://www.reddit.com/r/news/comments/mv0fzt/chauvin_found_guilty_of_murder_manslaughter_in/,250266,0.8,28029,False,
3,President Donald Trump says he has tested positive for coronavirus,https://www.reddit.com/r/news/comments/j3oj21/president_donald_trump_says_he_has_tested/,233320,0.94,33721,False,FLOTUS too
4,Blizzard Employees Staged a Walkout After the Company Banned a Gamer for Pro-Hong Kong Views,https://www.reddit.com/r/news/comments/dfn3yi/blizzard_employees_staged_a_walkout_after_the/,226321,0.97,9515,False,
5,Trump has left the White House for the last time as President,https://www.reddit.com/r/news/comments/l18yys/trump_has_left_the_white_house_for_the_last_time/,222636,0.82,11799,False,
6,Kobe Bryant killed in helicopter crash in California,https://www.reddit.com/r/news/comments/eubjfc/kobe_bryant_killed_in_helicopter_crash_in/,213679,0.91,20359,False,
7,'Jeopardy' host Alex Trebek dies at 80 due to pancreatic cancer,https://www.reddit.com/r/news/comments/jqfm3b/jeopardy_host_alex_trebek_dies_at_80_due_to/,200820,0.91,5403,False,
8,Scientist Stephen Hawking has died aged 76,https://www.reddit.com/r/news/comments/84aebi/scientist_stephen_hawking_has_died_aged_76/,188182,0.92,6874,False,
9,"Jeffrey Epstein's autopsy more consistent with homicidal strangulation than suicide, Dr. Michael Baden reveals",https://www.reddit.com/r/news/comments/dp5lr1/jeffrey_epsteins_autopsy_more_consistent_with/,186248,0.95,9952,False,
10,F.C.C. Announces Plan to Repeal Net Neutrality,https://www.reddit.com/r/news/comments/7ej943/fcc_announces_plan_to_repeal_net_neutrality/,177998,0.93,10793,False,Soft paywall
11,"Joe Biden officially sworn in as the 46th President of the United States, Kamala Harris as the 49th Vice-President",https://www.reddit.com/r/news/comments/l1d2ko/joe_biden_officially_sworn_in_as_the_46th/,176886,0.74,9076,False,
12,Donald Trump impeached for ‘inciting’ US Capitol riot,https://www.reddit.com/r/news/comments/kwqbtc/donald_trump_impeached_for_inciting_us_capitol/,175654,0.79,13129,False,
13,Supreme Court rules workers can't be fired for being gay or transgender,https://www.reddit.com/r/news/comments/h9h11e/supreme_court_rules_workers_cant_be_fired_for/,171108,0.91,10473,False,
14,Twitter permanently suspends Trump’s account,https://www.reddit.com/r/news/comments/ktenem/twitter_permanently_suspends_trumps_account/,171081,0.8,13780,False,
15,"Jeffrey Epstein, accused sex trafficker, dies by suicide: Officials",https://www.reddit.com/r/news/comments/cohqmr/jeffrey_epstein_accused_sex_trafficker_dies_by/,170202,0.96,32456,False,
16,"Ghislane Maxwell, long-time friend and confidante of Jeffrey Epstein, has been arrested by the FBI and charged by federal prosecutors",https://www.reddit.com/r/news/comments/hjwwxh/ghislane_maxwell_longtime_friend_and_confidante/,165207,0.97,12873,False,
17,"In a new court hearing, Britney Spears' father loses bid to retain complete control of his daughter's financial investments",https://www.reddit.com/r/news/comments/lhyp8a/in_a_new_court_hearing_britney_spears_father/,161563,0.93,5197,False,Site Altered Title 
18,Derek Chauvin sentenced to 22.5 years in prison for murder of George Floyd,https://www.reddit.com/r/news/comments/o7v79q/derek_chauvin_sentenced_to_225_years_in_prison/,157572,0.77,17862,False,
19,Report: Stan Lee dead at 95 - Story,https://www.reddit.com/r/news/comments/9wgrdf/report_stan_lee_dead_at_95_story/,155785,0.89,6310,False,Site Altered Title
20,Arizona Senator John McCain has passed away at the age of 81,https://www.reddit.com/r/news/comments/9abi3e/arizona_senator_john_mccain_has_passed_away_at/,154796,0.89,11449,False,KEEP IT CIVIL.
